<?xml version="1.0" encoding="UTF-8"?>
<Configuration status="WARN">
<Appenders>
    <Console name="Console" target="SYSTEM_OUT">
        <PatternLayout pattern="%d{yyyy-MM-dd HH:mm:ss.SSS} %-5level %msg%n"/>
    </Console>
    <File name="log" fileName="logs/debug.log" append="false">
        <PatternLayout pattern="%d{yyyy-MM-dd HH:mm:ss.SSS} %-5level %msg%xEx%n"/>
    </File>
</Appenders>
<Loggers>
    <Logger name="jp.co.fluxengine" level="debug">
        <AppenderRef ref="Console"/>
        <AppenderRef ref="log"/>
    </Logger>
    <Logger name="jp.co.irep.fluxengine" level="debug">
        <AppenderRef ref="Console"/>
        <AppenderRef ref="log"/>
    </Logger>

    <Root level="warn">
    </Root>
  </Loggers>
</Configuration>
